step,gasUsed,txHash
r1-pin-B1:msig-submit,222151,0xf9e867ba3369bc7dad81a8ee6e6acd83644d8e222e14e0c78feb808c9e73974a
r1-pin-B1:msig-confirm,57582,0xedd496ddd365272fcc02e564fe8cf47df57062fd96c9989311601f5369a6b12a
r1-pin-B1:msig-execute(queue),194109,0x54d9e7c9b888466000754746fbf268b6bae8189289696abe52970c73671fdfb0
r1-remotebridge-A1:msig-submit,244600,0x91fda419dd641a6b2074f5cf8b837092d2796dc08bd2073f92f50ce76e85facb
r1-remotebridge-A1:msig-confirm,57582,0xf34688c611acd3693d67b63e1c827e3550b3f290ed0625eb06735e970ee8a519
r1-remotebridge-A1:msig-execute(queue),218777,0x24669f9b1c71a80a33d16ff0f910d6188291f03a79a6c8529fe9ca6ca5e8fd2b
r1-remotebridge-B1:msig-submit,244612,0xc048abec7b78a771e849ba5681be59d7c38e57dbc076b7d4ff57cb38b8266c59
r1-remotebridge-B1:msig-confirm,57582,0x38d8a7e25e7aae1e5dc78048f44f91009ca80ecc5f0166da507bb899b04e5aff
r1-remotebridge-B1:msig-execute(queue),201677,0x3b86794bf049a6db7e8c1ac9e79a7b186f6e2a0b78dc6a47256c977d3186334b
r1-registerCanonical-A1:msig-submit,292636,0xfc9e84412a92c38c7b8a892da949f4fa71c68a3b6b54ae975d5d7083c044efdf
r1-registerCanonical-A1:msig-confirm,57582,0x14084d92d9726afb5b0b46a7b6690298c7d5f4cd0de1f999f527614f0c5083e8
r1-registerCanonical-A1:msig-execute(queue),255266,0xd4d29bab009b86b55c66c09fd110f945bc07ccf9986000183857c4408f0eea39
r1-registerWrapped-B1:msig-submit,312536,0x13e93f3eabcee7e39cc683c4e3550df50195da5bb0a5b421efe917685cb2d3ba
r1-registerWrapped-B1:msig-confirm,57582,0x53d5f0d48808626c6e08576240ed3a276efdd43d89533111ebc368e153f223cd
r1-registerWrapped-B1:msig-execute(queue),275198,0x146b3915adca82594e354f3eeb1f512613a561eb938d8c5574dec3b8a4c52d7b
r1-exec-pin-B1:msig-submit,153951,0x680075d3c7310c9b35c9d07aab644ac11c354a8e4fe6d492248b6c0ce262ee04
r1-exec-pin-B1:msig-confirm,57582,0x047d56e628457d8a14808471a4c64624a760ffdc6641d47b8fd5903d0e9a639a
r1-exec-pin-B1:msig-execute(executeAction),110527,0xb7c23f37c4552b26661a68cfed141c9d06fd5e628818fc63cd64143f555b4bc7
r1-exec-remotebridge-B1:msig-submit,173863,0xe051b76ae1d74ab8dc0e3a9cc842d2c724d6f293cb2535c09aeac15aa15ab6f1
r1-exec-remotebridge-B1:msig-confirm,57582,0x1e20c5b048c924ca140dee17f210791d19605ba78219c922340094ca1caf2c48
r1-exec-remotebridge-B1:msig-execute(executeAction),114367,0x08973a7a0a52f1c76e97b57e4e02c683068984a6172a11be1464be7177eb680e
r1-exec-registerCanonical-A1:msig-submit,173875,0x7b93b2d5dc4718ade8bb713460ba9630aefe76e963db1a0c2e4c1aeadba1ab68
r1-exec-registerCanonical-A1:msig-confirm,57582,0xf5bb44d9dc3c606238ce15bb7114d6a5107fb04a27d37f2899cfbae1334c17b7
r1-exec-registerCanonical-A1:msig-execute(executeAction),215995,0x867ed8d0dfa68c628497ebe6df21ffd62f05e77db78656f6ad5a083fb23da8b7
r1-exec-registerWrapped-B1:msig-submit,173863,0x11912de3b1e5cd713553fc7cb4c55e90a00ad943aead4ad445db4764a028ddb6
r1-exec-registerWrapped-B1:msig-confirm,57582,0xd4b532a41443a59e0bee6889757bd5c8294c734a8e0b6b9181113d51d159fae6
r1-exec-registerWrapped-B1:msig-execute(executeAction),244953,0xe7d4b6ebe2b7ef4c3d4e61924d8a72f28653ef76c6120cacaf20c24704c9b6cf
r1-send-5FMX-A1,114617,0x4abb23d56db03e6127e296311eb7ce39738bb77a36785dfbb1b9315ba8ea3043
r1-execute-mint-B1(submitter),163889,0x8180ee3c566a01dc51dd8a6e82a29a00b2348fedb3858393bc27048f3a09e0df
r1-send-back-B1(burn),135598,0x100e26d00f991dbdd08f646566a220cfff92db312855748714c1c9e3d5196b35
pause-B1(pauser),30414,0xcd86337f870c5fbe1b2fcbcf437af989477330755f29f62d6711b0360c809cee
unpause-B1:msig-submit,129073,0x941fb167ff4aea593ceedcf4bbbf425560f557a3251a56313f7691a981fde5c3
unpause-B1:msig-confirm,57582,0x0aa53c0bfe2407505d50d1a5d19bbad3f3ef5b75698834b18f3c839f02bf6f17
unpause-B1:msig-execute,70404,0x28c9f05c605b2e8ab1595c06128fc66e9b64ecc9bb197b9c9c43ded79e82aed2
pause-A1(pauser),30414,0x1f1aca5f41501dc20d3e06a372e77b679cd6dbf9633b690a39f8dfa9fe3e2e5f
unpause-A1:msig-submit,129085,0x8e768f5bd1d885b692f7546e61dc2e47f63d66dba0f047f33e3acc5bd149cd42
unpause-A1:msig-confirm,57582,0x782ad016cd7852aa14bf90d4cf25866f184d398a59b66a2e0732242efe36a95f
unpause-A1:msig-execute,70404,0x765b630e0f6d23ce2fda3a22394e59d206e097bbfe5393d97ce76038e9842237
capraise-A1:msig-submit,267133,0x52844595e53e3cb6672ccb79ea639ade61ca26b4f9323e311eb49bd4da5ed946
capraise-A1:msig-confirm,57582,0x179b258397689265e97cf3ab7d4adb591dfc32a53c14a910fd371114c85f0d57
capraise-A1:msig-execute(queue),225975,0xc70e128f1a2ea8aa758308f2d738a8b270995992b614e31d252ed42cf88225df
capraise-B1:msig-submit,267361,0x90577f86221078ee16dce4e808632357da45cb3845ee4cda5a729c5bb4b6dab6
capraise-B1:msig-confirm,57582,0x6347d86d1f2c6984a0f5ab836b204da017b8c35d11be0e7b39952ddf165e54c1
capraise-B1:msig-execute(queue),225975,0xea8009a6d412ec16d78b7413290783caa89afbc97df2db5f32992f2dc3d00d99
capraise-exec-A1:msig-submit,173875,0x071a1591fca68e7a77dfc988e6f53c1b844a79cb846042063b25f4779510a2aa
capraise-exec-A1:msig-confirm,57582,0x79773ab94eebdd9581774c6a8eafebfa8a0ec0789995d1374d404ee3a5f41b58
capraise-exec-A1:msig-execute(executeAction),106139,0x835279e019c36ef6c0ef0e26dc7ede96b1ba23c58619c7740be1e98648db5eb2
capraise-exec-B1:msig-submit,173863,0xb47e6664ff0dfac7d09f30eadeefd233f451a3c80f57a51cbac4164e23442e43
capraise-exec-B1:msig-confirm,57582,0x3cc55f834372978f43d1305f6d994aed885760a68ba661c906050296ab471201
capraise-exec-B1:msig-execute(executeAction),106139,0x89529a83888d520283c4f8c55c0e755ad6a2f3badc26bc2b8be2df7529f234a7
capdecrease-A1:msig-execute,87754,0x8e8d8946e8eab3649d70931c77b38dd024619009b9e4ddc185cdd40ba5bdbb87
r2-pin-B2:msig-submit,222163,0x55f96dc7221d74e96bf912bd2165ac7d5fdb8f31bbcd6d93d270b6db78aef502
r2-pin-B2:msig-confirm,57582,0x491b863c0c5ded5d877874b0bdea5fe1845c55fdf0c5d116eb355d0254f525ed
r2-pin-B2:msig-execute(queue),194109,0x78071edcacfb331645afb875fe6bd136a9a956f8668ce41465d1c2490f286aff
r2-remotebridge-A2:msig-submit,244636,0xb8d018d71c56b34d5cc7b16717bb11b125e4d2a57a4cd70175d15e49e373d810
r2-remotebridge-A2:msig-confirm,57582,0xbaca00ee9ccad93d1100575489cd694079181bfb36a8d5c7d6c06835d5bc30fd
r2-remotebridge-A2:msig-execute(queue),218777,0x1c9921e3ea8ea169274ebaf3e735a7c0fa0fa1aeadc4d675e539eae58618b827
r2-remotebridge-B2:msig-submit,244624,0x305ca7e184e5d1876db8bec4e5cadcbad0cb2c0fb2ddaf461441ff6272853dba
r2-remotebridge-B2:msig-confirm,57582,0x15800f40ba6c81f51e5cda744b16c88c1a35295756222bafed556aa117fa57e7
r2-remotebridge-B2:msig-execute(queue),201677,0xcbaebe9311b3e913b612b21cfa41d58049644effb14b0341b14115041fdafc9e
r2-registerCanonical-A2:msig-submit,292660,0x1963acf8125f807361956db96e3d8d203f3eb2415e9ae8f3d87e6c9cf56b814c
r2-registerCanonical-A2:msig-confirm,57582,0x4b2c688c550e8a55b9d4a114b6710a611d1bcf7025350dc52ce046c730b0e5ec
r2-registerCanonical-A2:msig-execute(queue),255266,0x52b05b001c640d06e20b3a756cbf3f3e258ab69c33bcdea5f55ad26a8b300aa7
r2-registerWrapped-B2:msig-submit,312548,0x9677df4cbeeb7ba477c1f90ddd3063194cb1d43df2e7d692bcd900066176d9cf
r2-registerWrapped-B2:msig-confirm,57582,0x553cec59aa60a95f9c7b726c1bffe847a2349e6e387c8566e43b7d4ec0130ebc
r2-registerWrapped-B2:msig-execute(queue),275198,0x4f769dc746fd75d0129523efb73be4e00b86b97e09e8af22558e3e3c32a265db
r2-exec-pin-B2:msig-submit,153963,0x5d643921d1709db500bb5a8a8dcbc57f271d85c0d56e03fb8c4c5ba26a828368
r2-exec-pin-B2:msig-confirm,57582,0xb1e7d13fc453c787d0356b6d432dd91ae7b8ab8127934af66383d36f49c450f4
r2-exec-pin-B2:msig-execute(executeAction),110527,0x01e4727de6eb4004ad86e6e099b4f6408d62c4edaea2620cf57ed5a7f14b3535
r2-exec-remotebridge-B2:msig-submit,173875,0x821a6e1bc0e85bb099280e840ed9eb0b0a90613986e847662482f6181f17b393
r2-exec-remotebridge-B2:msig-confirm,57582,0x61f64812f5720d25512785f632311443df01d336d4fd21611123d7b3a6909dfc
r2-exec-remotebridge-B2:msig-execute(executeAction),114367,0x438a30f0873de683fa62e67900b1fdea98f7b6390cefebfb0c3302ae7cc6c374
r2-exec-registerWrapped-B2:msig-submit,173875,0x36a382c9e9d8970f4c0153049d66def0351106785f8861342bfb0d2f805115f7
r2-exec-registerWrapped-B2:msig-confirm,57582,0x57291e2ae103e9405eab4cfde40df6b17f11b4bfb50ef5b886a87cd88753ec27
r2-exec-registerWrapped-B2:msig-execute(executeAction),244953,0x92ac3cc7b3ff509f922b2899f89d598e46b9e468354068c0c784263ab66b520a
r2-exec-remotebridge-A2:msig-submit,153963,0xa8878e589fdb8c7ed1334952fc4ddc1f4cd751746665bd2dbbf832e085e7046c
r2-exec-remotebridge-A2:msig-confirm,57582,0xbcd8de872e53626564b28c0b241896d0a62c020dee38155c53c98fcd4798b9c9
r2-exec-remotebridge-A2:msig-execute(executeAction),114367,0x3e250eccdffa527ad691736b2a6c03175f32d6fc5aa9a1b17b2fc14527b920a7
r2-exec-registerCanonical-A2:msig-submit,173875,0x1a99fa2f2b22abd29636205e435f1d30af06fbb6c0b6ff3b1ba252453c8bc910
r2-exec-registerCanonical-A2:msig-confirm,57582,0x89def9284936ff57d316c1d42838234814fb7417a4d2542620de18ff4f5b561f
r2-exec-registerCanonical-A2:msig-execute(executeAction),215995,0x866be76e471d38ab93636460de320929abbc365a9aa69dcfacd6df78d507de4a
r2-send-3FMX-A2,114641,0xd67033b8d70a7251b2b244a2677783fd159425a88a41c36d3d7c7837fa709bc0
r2-execute-mint-B2(submitter),163818,0x06b5c9e56eccf9d616570fb8778b22eb81922bad84a4a898fb99fb285c4d04c8
r2-send-back-B2(burn),135598,0x6772bcca49e13ef85597d96257d42d3840052e7d7993300182407b0aed824eab
strand-registerCanonical-B2:msig-submit,312764,0x5e33c9bc21476a483efa4d4b41804563ee7c63bd84246f9bf1fc827c5890d720
strand-registerCanonical-B2:msig-confirm,57582,0x01fc28e5ef3f8946ad338ef73622f6d149e0837fcdf1df3c6e0344380a96d99f
strand-registerCanonical-B2:msig-execute(queue),275166,0x8eeb80021eba0ee364617799172dab41a32c3e867617f79a0eabe669f5d4e1ab
strand-registerWrapped-A2:msig-submit,312776,0x797dae9e3faeb489fa2f59892e9a98ece9d706487195f5dc12ec845cda213104
strand-registerWrapped-A2:msig-confirm,57582,0xf3fa3359f3dc89d4c429746e9b5b0d10922c6ecadb4993ad96f78af9e3c6830f
strand-registerWrapped-A2:msig-execute(queue),275198,0x1cd8f51cb9ab228df5ba3bbf93bf54387fc93425b60c6823ce02c67a6164ee93
strand-exec-canon-B2:msig-submit,173875,0xca6295e14dfc3e1b61d6c0f3f0c66dae663f53a460bec319f84d8723339463c6
strand-exec-canon-B2:msig-confirm,57582,0x8f6844ba24d8d8729cbc4bf84ea8635a86943860a7b85b71ce44ef8eda65bbbe
strand-exec-canon-B2:msig-execute(executeAction),224535,0xaf96da3d1b97698380e7d9f488293261164481be715a9fb70c25869f4c042ea8
strand-exec-wrap-A2:msig-submit,173875,0xbf2acb16d885e615e885d37220c0fa6f073dbcbd575e5931870469f3cafc97bf
strand-exec-wrap-A2:msig-confirm,57582,0x19acd4311b55c030c8dbae410cb713b8abe6940a12214993a60e30fe5f91fe83
strand-pin-A2:msig-submit,222163,0x4572f42f64fa0cd88f94115f02338f8c67ac8d1135c006eba0fec1886a243b54
strand-pin-A2:msig-confirm,57582,0xf476d5f7deea77dce2fd49dea42d7e730a516fc0d4eb1a00954de11f1f1b6e6d
strand-pin-A2:msig-execute(queue),177009,0xd70fead0cd2f3b83ea5795e62c6a73caf7f0f49b7cdfb15b0b2911823591251c
strand-exec-pin-A2:msig-submit,173875,0xabf74b6d8271c41afbbf27d2746e64b658192d751ee5f913a4b5b978168abd4b
strand-exec-pin-A2:msig-confirm,57582,0x5c7db67ebea4c6267adaf2f644e7e248fb85f7b47833bc2d0a199a2070318888
strand-exec-pin-A2:msig-execute(executeAction),110527,0xfbe1184f541e0a10134df58e8e016bd464b0184dd60ee35aa270c56b4d9cc787
strand-registerWrapped-A2-v2:msig-submit,312776,0xa5d9bddab35af8bc320c12a76d36d101838ba5831289c71ccd76a3a770a42474
strand-registerWrapped-A2-v2:msig-confirm,57582,0x62cc7e3e411ba45407d78ebaf0a0e5e44688bec2f32127612aaababff47aa94e
strand-registerWrapped-A2-v2:msig-execute(queue),275198,0x854d07faacbd7ef25ef625c920068c17385548820d4af7cba3ce3cf5d3296fde
strand-exec-wrap-A2-v2:msig-submit,173875,0x61571a8179c57bdc9849e7c711f619a9bde5ac4a3805a23bfda8ce6c5abc3267
strand-exec-wrap-A2-v2:msig-confirm,57582,0xb15a65bb765799548a4a752cf57be3c17e921b4eb1bc87c91d8c9e892b028872
strand-exec-wrap-A2-v2:msig-execute(executeAction),227853,0xe15cab4e2de7136fca77e12ff616896dfb2b9e4106a540f5db02440a61713761
strand-lock-FOT-B2,155755,0x451fac2d99f1c82f815e9b3dbd8d21f86ed0fe8dd0992f97948b332d2efeb9e7
strand-burn-wFOT-A2,135598,0xd11db2e62733af6aec571fbb13fa0a91ca6c74ff6ebac2698a3ca3f34feffd04
strand-pauseToken-FOT-B2,31444,0x4f3e2c75e0f347376f59f843e4cada5b3f2fab4403e09cbcb7d5820b21c5291e
strand-pauseToken-wFOT-A2,31444,0x712a57729ed2233e2e1e7058e8f3a64adb5cbd943a855454f30738b5ad70f1fd
strand-allowShortDelivery-B2:msig-submit,380975,0xe1a922da23c6f098172ca0e1c1af257173b749f136bd1b2d9cdec9e97535d12b
strand-allowShortDelivery-B2:msig-confirm,57582,0x8f2732f5772326b17e0d41ec57d9d4b6b3b20a7f9bd78f4881200f53317437b2
strand-allowShortDelivery-B2:msig-execute(queue),349472,0x2f2ae7aad20e86740c42341e7f23f92e4988f888464b976973f7e0d6f6a3f486
strand-exec-allowSD-B2:msig-submit,173875,0xce73cc66a690ec653daac32f1dcacda6f0812b7065a9d46b288128779a03a0a1
strand-exec-allowSD-B2:msig-confirm,57582,0x77450251fc1d7b7eb7bb62e4f5c5d8589c49510f2eef3aed12bf6eef8a6bbe71
strand-exec-allowSD-B2:msig-execute(executeAction),131906,0x04d6cbcbafa1b1d5b251f9cfe849c1d8a2f4c41da16b8e1ec2627ff6807972c2
strand-cancelShortDelivery-B2,66214,0xa181f236832610287a1e898097f97c5039db282fc359680e93d5dba633b71307
strand-allowSD-B2-rearm:msig-submit,380975,0xe32b244bec237ccfcf5f6eddb8bf000765a9bc63825a325682077342310baec3
strand-allowSD-B2-rearm:msig-confirm,57582,0x4951a66c0b253954c28801ca2a36d84e6ba49c536bb17e86bd6e8614cd6875a9
strand-allowSD-B2-rearm:msig-execute(queue),349472,0xd224769f50c791cdf8a2b25250f13cea774be7711dd77dd31beefb163e89df06
strand-exec-allowSD-B2-rearm:msig-submit,173875,0x72eeaa6e048531001262436f898a6640887221d228f61f6a78a82963f6ba0e22
strand-exec-allowSD-B2-rearm:msig-confirm,57582,0xe29db4d0339b971dbcdbab7c98c29c3500011bd65ac441e36e984031c4552af6
strand-exec-allowSD-B2-rearm:msig-execute(executeAction),131906,0xae0d99c13cb7f319305503837d0b13fc23e8711415213bc827318886d7e6ee41
strand-unpauseToken-FOT-B2,75318,0x12654e9be74fb701853f7ac8d9a4d331610b148332180ffff18632834709f106
strand-shortDelivery-release-B2,143423,0x6dacbae2ee26bb8d2aeae43e30eaf44ad3eda233cb1a2fa68753f4e0e6bce6b1
sweep-FMX-A1,85983,0xb66575584b5497a29f78625897a8aad9d2f560709655882e85a5b9f14244751e
sweep-wFMX-B1,112542,0x002d9a0426dab94453333c507ac2d4ece4b7470762da959f7572c38951bbc4a1
sweep-FMX-A2,85983,0xbddd60157df7eb1c47a1a045c4bb37c36c09b0a8d5e9dc2df7ccdad2f3bc6e61
sweep-wFMX-B2,112542,0x099479f9bcdee6ebb61b01b990889623301766bfc1a75aa9ac7af860614a8519
